title	ver1	ver2
['網球傳奇納達爾社群發影片 感性宣布引退【聲明全文】', '納達爾將退休 喬科維奇讚成就永流傳、小蠻牛喊傷心']	西班牙網球傳奇納達爾（Rafael Nadal）於2024年10月10日透過社群平台宣布將在11月的台維斯盃決賽後退休，結束其輝煌的職業生涯。納達爾在影片中感性致謝對手、團隊、家人及球迷，並表示他的網球生涯是夢想成真。納達爾的退休消息震撼網壇，塞爾維亞前球王喬科維奇（Novak Djokovic）讚揚其成就將永垂不朽，西班牙新生代好手艾卡拉茲（Carlos Alcaraz）則表示納達爾一直是他的偶像。納達爾的退休標誌著一個時代的結束，網壇眾多好手紛紛向這位傳奇選手致敬。	西班牙網球傳奇納達爾（Rafael Nadal）於2024年10月10日透過社群平台宣布，將在11月的台維斯盃決賽後退休，結束其輝煌的職業生涯。納達爾在影片中感謝對手、團隊、家人及球迷，並表示這將是職業生涯的圓滿結局。塞爾維亞前球王喬科維奇（Novak Djokovic）讚揚納達爾的成就將永垂不朽，西班牙新生代好手艾卡拉茲（Carlos Alcaraz）對此消息感到傷心，稱納達爾一直是他的偶像。納達爾的退休標誌著一個時代的結束，網壇眾多好手紛紛向這位傳奇選手致敬。
美前官員：台韌性委員會強化意志 去風險化是進行式	台灣總統賴清德成立「全社會防衛韌性委員會」，此舉被視為加強台灣自治意志的創新行動。美國前官員唐安竹（Drew Thompson）在Podcast節目中指出，台灣在科技製造和地緣政治緊張局勢的交匯點上，正積極調整政治和經濟政策。賴清德上任後，宣布成立三大委員會，旨在強化國防、災防及民力運用，並確保醫療、能源及基礎設施的安全。台灣企業對東南亞和南亞的投資已超過對中國，顯示「去風險化」的趨勢正在進行中。2024年7月，中央社推出印尼文新聞網站，進一步推動台灣與東南亞的緊密聯繫。	台灣總統賴清德於2024年7月成立「全社會防衛韌性委員會」，此舉被視為加強台灣自治意志的創新行動。美國前官員唐安竹（Drew Thompson）在新加坡南洋理工大學擔任資深研究員，他在Podcast節目中指出，台灣正積極調整政治和經濟政策，以應對科技製造和地緣政治緊張局勢。賴清德總統上任後，宣布成立三大委員會，旨在強化國防、災防及民力運用，並確保醫療、能源及基礎設施的安全。台灣企業對東南亞和南亞的投資已超過對中國，顯示「去風險化」的趨勢正在進行中。中央社於2024年7月推出印尼文新聞網站，進一步推動台灣與東南亞的緊密聯繫。
甘迺迪家族大家長辭世 艾瑟甘迺迪享耆壽96歲	美國已故聯邦參議員羅勃．甘迺迪的遺孀艾瑟．甘迺迪於2024年10月10日辭世，享年96歲。她死於中風併發症，是甘迺迪家族的大家長，生前致力於人權倡導。艾瑟．甘迺迪創立了羅勃．甘迺迪人權組織，並於2014年獲得「總統自由獎章」。她的去世引起家族成員和社會各界的悼念，家族聲明讚揚她畢生追求社會正義和人權。她的兒子小羅勃．甘迺迪曾以獨立總統候選人身分參選，後來支持共和黨總統候選人川普。	美國已故聯邦參議員羅勃·甘迺迪的遺孀艾瑟·甘迺迪於2024年10月10日辭世，享年96歲。她是甘迺迪家族的大家長，生前致力於人權倡導，並創立羅勃·甘迺迪人權組織。艾瑟·甘迺迪死於中風併發症，她的家族成員包括被暗殺的前總統約翰·甘迺迪和聯邦參議員泰德·甘迺迪。她的兒子小羅勃·甘迺迪曾以獨立總統候選人身分參選，後來支持共和黨總統候選人川普。2014年，時任總統歐巴馬授予她「總統自由獎章」。甘迺迪家族聲明讚揚她畢生追求社會正義和人權，並表示她的去世引起家族成員和社會各界的悼念。
穿什麼不是小事 趙武靈王胡服騎射改革因何改變戰國【書摘】	趙武靈王在西元前3世紀推行「胡服騎射」改革，顯著提升趙國軍事實力。此舉源於戰國時期戰爭型態的轉變，趙武靈王意識到河北的戰略劣勢，決定學習北方游牧民族的騎射技術，推動士兵改穿胡人的短衣窄袖和褲子，提升機動性和戰鬥力。改革使趙國在與林胡、樓煩的戰鬥中獲勝，並收復被秦國佔領的土地，對秦國形成地理威脅。趙國在北方設立雲中郡和雁門郡，成為抵禦北方游牧民族的前沿陣地，改變了當時的戰爭格局。	趙武靈王在西元前3世紀推行「胡服騎射」改革，顯著提升趙國軍事實力。此舉源於戰國時期戰爭型態的轉變，趙武靈王意識到趙國在河北的戰略劣勢，遂學習北方游牧民族的騎射技術，推動士兵改穿胡人的短衣窄袖和褲子，提升機動性和戰鬥力。改革使趙國在與林胡、樓煩的戰鬥中獲勝，收復被秦國佔領的土地，並在地理上對秦國形成威脅。趙國在北方設立雲中郡和雁門郡，成為抵禦北方游牧民族的前沿陣地，改變當時戰爭格局。
美主導國防工業韌性夥伴成立 軍備副部長徐衍璞與會	美國主導成立的「印太產業韌性夥伴」（PIPIR）於2024年10月7日至8日在夏威夷檀香山召開首次會議，旨在強化國防產業的韌性。會議由美國五角大廈負責武器採購與維護的副部長拉普蘭特（William LaPlante）主持，與會者包括印太地區與歐洲大西洋地區的軍備主管。台灣國防部軍備副部長徐衍璞也出席，顯示台灣在此聯盟中的參與。五角大廈印太安全事務首席副助理部長羅耶爾（Jedidiah Royal）指出，台灣將在此聯盟中扮演重要角色。目前已有13個國家簽署相關聲明。	美國主導成立的新區域聯盟「印太產業韌性夥伴」（PIPIR）於2024年10月7日至8日在夏威夷檀香山召開首次會議，旨在強化國防產業的韌性。會議由美國五角大廈負責武器採購與維護的副部長拉普蘭特主持，與會者包括印太地區與歐洲大西洋地區的軍備主管。台灣國防部軍備副部長徐衍璞也出席了此次會議。五角大廈印太安全事務首席副助理部長羅耶爾在9月底的美台國防工業會議上指出，台灣將在此聯盟中扮演重要角色。目前已有13個國家簽署了5月發布的聲明。
北約秘書長呂特：烏克蘭可合法打擊俄羅斯境內目標	北大西洋公約組織（NATO）新任秘書長呂特（Mark Rutte）於2024年10月10日在英國表示，烏克蘭在法律上可打擊俄羅斯境內目標，但是否使用西方軍援武器由北約成員國自行決定。呂特強調，若俄羅斯境內目標對烏克蘭構成威脅，烏克蘭可被允許使用西方武器。烏克蘭總統澤倫斯基（Volodymyr Zelenskyy）持續要求放寬武器使用限制。美國對此持保留態度，擔心引發俄羅斯報復。呂特重申，支援烏克蘭對北約集體安全的重要性，並表示不會因美國前總統川普（Donald Trump）可能重返白宮而改變立場。	北大西洋公約組織（NATO）新任秘書長呂特（Mark Rutte）於2024年10月10日在英國表示，烏克蘭在法律上可以打擊俄羅斯境內目標，但是否使用西方軍援武器由北約成員國自行決定。呂特強調，若俄羅斯境內目標對烏克蘭構成威脅，烏克蘭可被允許使用西方武器。烏克蘭總統澤倫斯基（Volodymyr Zelenskyy）持續要求北約成員國放寬對烏克蘭使用軍援武器的限制。美國對此持保留態度，擔心可能引發俄羅斯報復。呂特在與英國首相施凱爾（Keir Starmer）及澤倫斯基的會談中，重申支援烏克蘭對北約集體安全的重要性，並表示不會因美國前總統川普（Donald Trump）可能重返白宮而改變對烏克蘭的支持立場。
阿根廷駐處國慶酒會 眾議員讚賞台灣國際貢獻	阿根廷駐台代表處於2023年10月9日在布宜諾斯艾利斯舉辦中華民國113年國慶酒會，吸引約250名來自阿根廷和烏拉圭的友台團體、政商界人士及僑領參加。駐阿根廷代表處代表謝妙宏在致詞中強調台灣自1949年以來成為自由、民主、現代化國家的成就，並呼籲國際社會關注中國對台灣自由和民主的威脅。阿根廷國會眾議員康巴尼歐里（Marcela Campagnoli）讚賞台灣在科技創新和醫療體系上的卓越表現，並形容台灣為「美麗的珍珠」。謝妙宏指出，阿根廷是台灣農漁產品的重要供應國，預期兩國貿易將持續成長。	阿根廷駐台代表處於2023年10月9日晚間在布宜諾斯艾利斯舉辦中華民國113年國慶酒會，吸引約250名來自阿根廷和烏拉圭的友台團體、政商界人士及僑領參加。駐阿根廷代表處代表謝妙宏在致詞中強調台灣自1949年以來成為自由、民主、現代化國家的成就，並呼籲國際社會關注中國對台灣自由和民主的威脅。阿根廷國會眾議員康巴尼歐里（Marcela Campagnoli）讚賞台灣在科技創新和醫療體系上的卓越表現，並形容台灣為「美麗的珍珠」。謝妙宏指出，阿根廷是台灣農漁產品的重要供應國，預期兩國貿易將持續成長。
台灣男團不敵中國 桌球亞錦賽連3屆摘銀	台灣桌球男團在2024年亞洲桌球錦標賽決賽中，以1比3不敵中國隊，連續三屆獲得銀牌，追平隊史最佳戰績。比賽於9月11日凌晨舉行，由林昀儒率領的台灣隊奮力拼搏。19歲的高承睿首先出戰，面對中國球王王楚欽，最終以0比3落敗。林昀儒在個人單日第4場賽事中，對陣中國小將林詩棟，以1比3告負。台灣隊的黃彥誠則在第三點比賽中，爆冷擊敗世界排名第5的梁靖崑，為台灣隊搶下唯一一點。台灣的兩組混雙組合在16強賽中失利，但仍獲得2025年世錦賽參賽資格。	台灣桌球男團在2024年9月11日的亞洲桌球錦標賽決賽中，以1比3不敵中國隊，連續三屆獲得銀牌，追平隊史最佳戰績。由林昀儒率領的台灣隊，19歲的高承睿首先出戰，面對中國球王王楚欽，最終以0比3落敗。林昀儒在個人單日第4場賽事中，對陣中國小將林詩棟，以1比3告負。台灣隊的黃彥誠則在第三點比賽中，爆冷擊敗世界排名第5的梁靖崑，為台灣隊搶下唯一一點。台灣的兩組混雙組合在16強賽中失利，但仍獲得2025年世錦賽參賽資格。
蔡英文訪歐行將到歐洲議會 創台灣卸任總統首例	卸任總統蔡英文將於下周出訪歐洲，這是她卸任後的首次出訪，並創下台灣卸任元首拜訪歐盟總部的首例。蔡英文將於10月12日應捷克「公元兩千論壇基金會」邀請，出席年度會議並發表演說。此外，她還將到訪比利時布魯塞爾的歐盟總部，會見歐洲議會議員。歐洲議會近年來積極支持台灣民主，蔡英文在任內推動與歐盟洽簽雙邊經貿、投資協定，獲得多次決議支持。此次訪問預期將受到多位對台友好議員的歡迎。	卸任總統蔡英文將於下周出訪歐洲，這是她卸任後的首次出訪，並創下台灣卸任元首拜訪歐盟總部的首例。蔡英文將於2023年10月12日應捷克「公元兩千論壇基金會」邀請，出席年度會議並發表演說。此外，她還將到訪比利時布魯塞爾的歐盟總部，會見歐洲議會議員。歐洲議會近年來積極支持台灣民主，蔡英文在總統任內推動與歐盟洽簽雙邊經貿、投資協定，並獲得多次決議支持。此次訪問預期將受到多位對台友好議員的歡迎。
賴總統雙十演說 美籲北京克制、卜睿哲盼中國正面回應	2024年10月10日，台灣總統賴清德在國慶演說中強調中華人民共和國無權代表台灣，並表達願與中國合作應對全球挑戰的意願。美國國務院呼籲北京不要藉此舉行軍事演習，並希望中國能對賴總統的溫和演說做出正面回應。前AIT理事主席卜睿哲和前白宮官員杜如松均指出，賴總統的演說比其就職演說更為克制，為穩定台海局勢創造了條件。台灣國防部表示，國慶前夕有多架中國軍機和軍艦在台海周邊活動，國慶當天中國進行了運載火箭發射任務。	2024年10月10日，台灣總統賴清德在國慶演說中強調中華人民共和國無權代表台灣，並表達願與中國合作應對全球挑戰的意願。美國國務院呼籲北京不要藉此舉行軍事演習，並希望中國能對賴總統的溫和演說做出正面回應。前AIT理事主席卜睿哲和前白宮官員杜如松指出，賴總統的演說比其就職演說更為克制，認為這為穩定台海局勢創造了條件。台灣國防部表示，國慶前夕有多架中國軍機和軍艦在台海周邊活動，國慶當天中國進行了運載火箭發射任務。
石破茂上任後首度與尹錫悅會面 矢言深化日韓關係	日本新首相石破茂於2024年10月10日在寮國舉行的東南亞國家協會（ASEAN）峰會場邊，首次與南韓總統尹錫悅會面。面對來自中國和北韓的威脅，兩位領導人承諾深化日韓關係，並同意加強合作以向北韓傳達一致訊息。當前，兩韓關係緊張，南韓展示最大彈道飛彈「玄武5型」，而北韓領導人金正恩威脅使用核武。同日，石破茂與中國國務院總理李強會面，討論福島核電廠核處理水排海等議題。石破茂強調深化日韓合作的重要性，並呼籲建立亞洲版的北大西洋公約組織（NATO）。	日本新首相石破茂於2024年10月10日在寮國舉行的東南亞國家協會（ASEAN）峰會場邊，首次與南韓總統尹錫悅會面。面對來自中國和北韓的威脅，兩位領導人承諾深化日韓關係，並同意加強合作以向北韓傳達一致訊息。當前兩韓關係緊張，南韓展示最大彈道飛彈「玄武5型」，而北韓領導人金正恩威脅使用核武。同日，石破茂也與中國國務院總理李強會面，討論福島核電廠核處理水排海等議題。石破茂強調深化日韓合作的重要性，並呼籲建立亞洲版的北大西洋公約組織（NATO）。
集國家之力  布拉瑞揚舞進法舞蹈聖地夏佑劇院	布拉瑞揚舞團於2023年10月10日在法國國家夏佑劇院舉行聯合記者會，宣布首次歐洲巡演，這是台灣表演藝術的一大盛事。此次活動由兩廳院、駐法國台灣文化中心及法國國家夏佑劇院共同促成。布拉瑞揚（舞團創辦人）表示，這次巡演對年輕舞團意義重大，並以身為台灣原住民感到驕傲。夏佑劇院總監哈希德．烏蘭登（Rachid Ouramdane）讚譽布拉瑞揚的表演，並表示劇院將成為台灣藝術家的創作平台。活動「夏佑體驗：台灣焦點」將持續至10月12日，展現台灣藝術的多元與活力。	布拉瑞揚舞團於2023年10月10日在法國國家夏佑劇院舉行聯合記者會，宣布首次歐洲巡演，這次活動由兩廳院、駐法國台灣文化中心及法國國家夏佑劇院共同促成。舞團創辦人布拉瑞揚表示，這次巡演對年輕舞團意義重大，並以身為台灣原住民感到驕傲。夏佑劇院總監哈希德．烏蘭登（Rachid Ouramdane）讚譽布拉瑞揚的表演，並表示劇院將成為台灣藝術家的創作平台。活動「夏佑體驗：台灣焦點」於10月10日至12日舉行，展現台灣表演藝術的多元與活力。
密爾頓挾龍捲風掃佛州 至少10死、百萬人停電	颶風密爾頓（Milton）於2024年10月10日襲擊佛羅里達州，導致至少10人喪生，超過320萬戶家庭和企業停電。佛州州長迪尚特（Ron DeSantis）表示，儘管佛州避免了最壞的情況，但災損仍然嚴重，洪水問題仍需關注。美國國土安全部長馬約卡斯（Alejandro Mayorkas）指出，佛州遭受至少27個龍捲風襲擊。聖露西郡（St. Lucie County）發言人吉爾（Erick Gill）表示，龍捲風在該地區造成5人喪生，其中至少兩人是在西班牙湖（Spanish Lakes）社區。坦帕市南部海岸的障壁島遭遇大洪水，顯示出風暴的破壞力。	颶風密爾頓（Milton）於2024年10月10日侵襲佛羅里達州，導致至少10人喪生，超過320萬戶家庭和企業停電。佛州州長迪尚特（Ron DeSantis）表示，雖然佛州避免了最壞的情況，但災損仍然嚴重，尤其是洪水問題。美國國土安全部長馬約卡斯（Alejandro Mayorkas）指出，佛州遭受至少27個龍捲風襲擊。聖露西郡（St. Lucie County）發言人吉爾（Erick Gill）表示，龍捲風在該地區造成5人喪生，其中至少兩人是在西班牙湖（Spanish Lakes）社區。坦帕灣地區雖避開了預警中的暴潮，但坦帕市南部海岸的障壁島遭遇大洪水。
朝野黨團中午餐敘化解僵局  卓榮泰：盼輕鬆有願景	行政院長卓榮泰與立法院長韓國瑜於2024年10月11日中午舉行朝野黨團餐敘，旨在化解中央政府總預算案的僵局。卓榮泰表示，餐敘將嚴肅面對未來需要解決的事項，並希望在輕鬆氛圍中展望未來。總統賴清德在國慶大典上呼籲朝野合作，卓榮泰感謝其支持。韓國瑜與卓榮泰及三個政黨的黨團代表已安排好時間，將在餐敘中討論國會及國家人民關切的議題，尋求解決方案。卓榮泰期望這次餐敘能成為未來國會會期的合作模式。	行政院長卓榮泰與立法院長韓國瑜於2024年10月11日中午舉行朝野黨團餐敘，旨在化解中央政府總預算案的僵局。卓榮泰表示，餐敘將嚴肅面對未來需要解決的事項，並希望在輕鬆氛圍中展望未來。他感謝總統賴清德在國慶大典上的呼籲，期望促進朝野合作。卓榮泰與韓國瑜及三個政黨的黨團代表已安排好時間，將在餐敘中討論國會及國家人民關切的議題，尋求解決方案。
傳英國擬派軍烏克蘭協訓  國防部：持續研商最佳方案	英國國防部正考慮派遣軍隊赴烏克蘭，提供就地訓練，以支持烏克蘭抵禦俄羅斯侵略。國防大臣希利（John Healey）確認，2025年將繼續在英國執行烏軍協訓計畫Operation Interflex。自2015年起，英國已在烏克蘭境內執行Operation Orbital協訓計畫，但因2022年俄羅斯全面侵略而中斷。烏克蘭總統澤倫斯基（Volodymyr Zelenskyy）於2024年10月10日訪問英國，與首相施凱爾（Keir Starmer）及北約秘書長呂特（Mark Rutte）會談，討論相關事宜。英國軍方考慮在烏克蘭西部派遣少量軍事教官，提供密集訓練，這將比在英國訓練更有效率。	英國國防部正在考慮派遣軍隊赴烏克蘭，提供就地訓練，以支持烏克蘭抵禦俄羅斯的侵略。國防大臣希利（John Healey）確認，2025年將繼續在英國執行烏軍協訓計畫Operation Interflex。自2015年起，英國已在烏克蘭境內執行Operation Orbital協訓計畫，但因2022年俄羅斯全面侵略而中斷，隨後在英國境內啟動Operation Interflex。烏克蘭總統澤倫斯基（Volodymyr Zelenskyy）於2024年10月10日訪問英國，與首相施凱爾（Keir Starmer）及北約秘書長呂特（Mark Rutte）會談，討論相關事宜。英國軍方考慮在烏克蘭西部派遣少量軍事教官，提供密集訓練，這將比在英國訓練更有效率。
孕育諾貝爾化學物理學醫學獎3得主 柏克萊刊文表彰	2024年諾貝爾獎揭曉，化學、物理及醫學獎得主皆與加州大學柏克萊分校有深厚淵源。化學獎由生化學家貝克（David Baker）因「計算蛋白質設計」獲得，並與DeepMind科學家哈薩比斯（Demis Hassabis）和瓊珀（John M. Jumper）共享殊榮。醫學獎得主魯夫昆（Gary Ruvkun）因發現微型核糖核酸的基因調控角色獲獎。物理學獎得主霍普菲爾德（John Hopfield）與辛頓（Geoffrey Hinton）共同獲獎。柏克萊教授謝克曼（Randy Schekman）表彰貝克的成就，並勉勵後代學術研究者。	2024年10月9日，諾貝爾化學獎揭曉，由生化學家貝克（David Baker）與DeepMind科學家哈薩比斯（Demis Hassabis）和瓊珀（John M. Jumper）共同獲得。貝克因「計算蛋白質設計」獲獎，並獲得一半獎金，另一半獎金由哈薩比斯和瓊珀因「蛋白質結構預測」共享。諾貝爾醫學獎由魯夫昆（Gary Ruvkun）和安布羅斯（Victor Ambros）因發現微型核糖核酸的基因調控角色共同獲得。物理學獎得主霍普菲爾德（John Hopfield）與辛頓（Geoffrey Hinton）共享殊榮。柏克萊大學表彰這些學者的成就，並勉勵後代學術研究者。
高鐵雲林站湧進觀賞國慶焰火人潮  加開班次疏運	雲林縣首次承辦國慶焰火活動，於2024年10月10日吸引超過30萬人觀賞，導致高鐵雲林站及周邊交通壓力劇增。雲林縣政府在晚間7時47分統計到場人數後，實施交通調撥措施，將會場周邊道路設為「只出不進」。高鐵公司原計劃提供5班加班車，但因人潮過多，臨時加開2班北上自由座列車，並於晚間8時45分啟動人潮管制措施。最終，高鐵雲林站在深夜11時39分完成疏運，恢復正常運作。此次活動顯示出雲林縣府及高鐵公司的有效協調與應變能力。	雲林縣於2024年10月10日首次承辦國慶焰火活動，吸引超過30萬人前往觀賞，造成高鐵雲林站及周邊交通壓力劇增。雲林縣政府在晚間7時47分統計到場人數後，於焰火結束後實施交通調撥措施，將會場周邊道路設為「只出不進」。高鐵公司原計劃提供5班加班車，但因人潮過多，臨時加開2班北上自由座列車，並於晚間8時45分啟動人潮管制措施，確保旅客安全。最終，高鐵雲林站在深夜11時39分完成疏運，恢復正常運作。此次活動的成功舉辦，顯示出雲林縣府及高鐵公司的有效協調與應變能力。
九九重陽節 韓國瑜：以孝行善傳承溫厚美德	立法院長韓國瑜於2024年10月11日九九重陽節在臉書發文，強調尊老、愛老的重要性，呼籲將此精神融入日常生活。他指出，重陽節不僅是傳統的登高望遠、避邪祈福日，更是崇孝敬老的文化節日。韓國瑜表示，長輩以智慧和經驗支撐家庭與社會，值得感念與謝意，並呼籲大家多花時間陪伴長輩，表達感謝。最後，他祝福天下長者平安吉祥，並願重陽節為社會帶來祥和與美好。	立法院長韓國瑜於2024年10月11日九九重陽節當天在臉書發文，強調尊老、愛老的重要性，呼籲將這種精神融入日常生活。他指出，九九重陽節不僅是登高望遠、避邪祈福的日子，更是崇孝敬老的文化節日。韓國瑜表示，長輩以其智慧和經驗支撐家庭與社會，值得我們的感念與謝意。他希望藉此節日，大家能多花時間陪伴長輩，表達感謝，讓他們感受到溫暖與尊重。韓國瑜在文章結尾祝福天下長者平安吉祥，並祝願大家重陽安康。
高雄婦疑闖紅燈過馬路被撞死 肇事駕駛棄車逃逸	高雄市於2024年10月11日清晨發生一起致命交通事故，一名92歲的吳姓老婦在三民區中華三路與三民街口過馬路時，遭一輛北向南行駛的自小客車撞擊，當場死亡。肇事駕駛在事故後棄車逃逸，警方已掌握其身分，正全力追緝中。初步分析顯示，事故原因可能是行人未依號誌指示過馬路及駕駛未注意車前狀況，詳細責任仍待進一步鑑定分析。高雄市政府警察局三民第一分局已派遣相關單位到場處理，並展開追緝行動。	高雄市於2024年10月11日清晨發生一起致命交通事故，92歲的吳姓老婦在三民區中華三路與三民街口過馬路時，因闖紅燈被一輛北向南行駛的自小客車撞擊，當場死亡。肇事駕駛在事故後棄車逃逸，警方已掌握其身分，正全力追緝中。高雄市政府警察局三民第一分局接獲報案後，立即派遣三民派出所及交通分隊到場處理。初步分析顯示，事故原因可能是行人未依號誌指示過馬路及駕駛未注意車前狀況，詳細責任仍待進一步鑑定分析。
京華城案 北檢提訊朱亞虎、彭振聲	台北地檢署正在偵辦京華城案，針對前鼎越開發董事長朱亞虎及前台北市副市長彭振聲的決策過程及金流進行調查。2024年10月11日，檢察官提訊朱亞虎和彭振聲，兩人均未對媒體提問作出回應。此案涉及京華城容積率在柯文哲市府任內暴增至840%，檢廉懷疑其中涉及圖利及賄賂。自8月底以來，檢方已多次搜索及約談，並將包括柯文哲、彭振聲、沈慶京等7名被告聲請羈押禁見獲准。台北地方法院於10月10日凌晨再次裁定朱亞虎羈押禁見，指出其涉嫌貪污治罪條例中對公務員違背職務行賄罪，嫌疑重大。	台北地檢署正在偵辦京華城案，針對前鼎越開發董事長朱亞虎及前台北市副市長彭振聲的決策過程及金流進行調查。2024年10月11日，檢察官提訊在押的朱亞虎和彭振聲，兩人均未對媒體提問作出回應。此案涉及京華城容積率在柯文哲市府任內暴增至840%，檢廉懷疑其中涉及圖利及賄賂。自8月底以來，檢方已多次搜索及約談，並將包括柯文哲、彭振聲、沈慶京、應曉薇等7名被告聲請羈押禁見獲准。朱亞虎曾提起抗告，台灣高等法院撤銷羈押裁定，發回更裁，但台北地方法院於10月10日凌晨再次裁定羈押禁見。法院指出，朱亞虎涉嫌貪污治罪條例中對公務員違背職務行賄罪，嫌疑重大，且有滅證、勾串共犯或證人之虞。
駐土耳其代表處國慶晚會 展出震災兒童繪畫感動人心	駐土耳其代表處於2023年10月8日在安卡拉舉辦113年國慶晚會，吸引約300名嘉賓參加，並展出震災兒童繪畫比賽的得獎作品，感動眾多賓客。代表黃志揚強調台灣的和平立場，並指出中國對台灣的威脅及其對聯合國第2758號決議的扭曲。台灣在土耳其大地震後捐贈4300萬美元協助賑災，推動多項賑災計畫。晚會上，台灣的傳統文化和美食如珍珠奶茶和麻糬成為亮點，進一步鞏固台土友好關係。	2023年10月8日，駐土耳其代表處在安卡拉舉辦113年國慶晚會，吸引約300名嘉賓參加，並展出由超過1000名災區孩童參與的震災兒童繪畫比賽得獎作品，感動眾多賓客。駐土耳其代表黃志揚在致詞中強調台灣的和平立場，並指出中國對台灣的威脅及其對聯合國第2758號決議的扭曲。台灣在2023年2月土耳其大地震後捐贈4300萬美元協助賑災，推動多項賑災計畫。晚會上，台灣的傳統文化和美食如珍珠奶茶和麻糬也成為亮點，進一步鞏固台土友好關係。
東北季風影響早晚稍涼 午後中南部局部雷陣雨	中央氣象署表示，2024年10月11日台灣各地及澎湖、金門、馬祖大多為多雲到晴，基隆北海岸、大台北山區及東半部地區偶有零星短暫雨。午後南部地區及中部山區有局部短暫雷陣雨，南部山區可能出現局部大雨。預計今晚起水氣稍增加，大台北地區降雨機率略增。受東北季風影響，各地夜晚及清晨低溫在攝氏22至24度，白天北部及東半部高溫約26至28度，中南部可達31至32度。颱風百里嘉將向北移動，短期內變性為溫帶氣旋，對台灣天氣無影響。桃園至雲林沿海空曠地區及恆春半島等地易有較強陣風，海邊活動需注意安全。	中央氣象署表示，2024年10月11日，台灣各地及澎湖、金門、馬祖大多為多雲到晴，基隆北海岸、大台北山區及東半部地區偶有零星短暫雨。午後南部地區及中部山區有局部短暫雷陣雨，南部山區有局部大雨的可能。預計今晚起水氣稍增加，大台北地區降雨機率略增。受東北季風影響，各地夜晚及清晨低溫在攝氏22至24度，白天北部及東半部高溫約26至28度，中南部可達31至32度。桃園至雲林沿海空曠地區及恆春半島、澎湖、蘭嶼、綠島、金門易有較強陣風，恆春半島將有8至9級強陣風，海邊活動需注意安全。颱風百里嘉未來將向北移動，短期內變性為溫帶氣旋，對台灣天氣無影響。
洛杉磯郡表揚台灣堅韌精神 宣布中華民國台灣國慶日	加州洛杉磯郡於2023年10月8日宣布，將2024年10月10日定為「中華民國（台灣）國慶日」，以表彰台灣人民追求自由民主的堅韌精神，並肯定郡內16萬多名台灣裔居民的貢獻。此決議由5位郡監督在例行會議上一致通過，提案人為郡監督索里士（Hilda Solis），她強調台灣裔社區對當地的貢獻，並指出台美在民主、人權及經濟發展上的穩固夥伴關係。洛杉磯郡政府在新聞稿中強調台灣在科技、創新與文化傳統等領域的成就，深化了雙方的關係。	加州洛杉磯郡於2023年10月8日宣布，將2024年10月10日定為「中華民國（台灣）國慶日」，以表彰台灣人民追求自由民主的堅韌精神，並肯定郡內16萬多名台灣裔居民的貢獻。此決議由5位郡監督在例行會議上一致通過，提案人為郡監督索里士（Hilda Solis），她強調台灣裔社區對當地的貢獻，並指出台美在民主、人權及經濟發展上的穩固夥伴關係。洛杉磯郡政府在新聞稿中強調，中華民國是亞洲第一個民主國家，並指出台灣在科技、創新與文化傳統等領域的成就，深化了洛杉磯郡與台灣之間的關係。台灣會館前董事長陳柏宇在會議上發言，並與在場郡政府首長分享台灣點心，象徵台灣文化的影響力。
「這不是個大使館」首登巴黎  台灣議題引發共鳴	「這不是個大使館」是由兩廳院製作的藝術作品，將於2023年11月14日至17日在巴黎MC93文化中心演出，成為巴黎秋天藝術節首個參與共製的台灣作品。該作品由里米尼紀錄劇團的史蒂芬·凱吉（Stefan Kaegi）編導，透過虛構的大使館開幕夜，探討台灣的當代國家議題。巴黎秋天藝術節藝術總監法蘭西斯卡·可和娜（Francesca Corona）表示，這部作品以藝術方式呈現台灣議題，並強調劇場是促進社會對話的工具。作品將在法國南特及法國比利時跨境NEXT國際藝術節巡演。	「這不是個大使館」是由兩廳院製作的藝術作品，將於2023年11月14日至17日在巴黎MC93文化中心演出，成為巴黎秋天藝術節首個參與共製的台灣作品。該作品由里米尼紀錄劇團的史蒂芬·凱吉（Stefan Kaegi）編導，透過虛構的大使館開幕夜，探討台灣的當代國家議題。巴黎秋天藝術節藝術總監法蘭西斯卡·可和娜（Francesca Corona）表示，這部作品以藝術方式呈現台灣議題，並邀請橫跨三個世代的台灣代表參與創作。法蘭西斯卡在2023年參加「Taiwan Week-兩廳院台灣週」後，對該計畫表示大力支持。該作品還計劃在法國南特及法國比利時跨境NEXT國際藝術節巡演。法蘭西斯卡強調，劇場是促進社會對話的工具，能夠呈現問題的複雜性，並促進觀眾的反思。
紐約僑社慶雙十 堅定不移支持中華民國	紐約華埠於2024年10月10日舉行雙十國慶升旗典禮與遊行，由中華公所主席朱超然與駐紐約辦事處長李志強共同主持。朱超然強調，紐約僑社將堅定支持中華民國，確保自由與民主價值在台灣與亞洲閃耀。李志強感謝僑界的支持，並表示在國外能與大家一起唱中華民國國歌和升旗是非常感動的事。活動包括在哥倫布公園向國父孫中山銅像獻花及舉行慶祝大會，吸引大批路人圍觀。紐約僑社自中華民國成立以來，始終擁護其代表的自由、民主與法治精神。	紐約華埠於2024年10月10日舉行雙十國慶升旗典禮與遊行，由中華公所主席朱超然與駐紐約辦事處長李志強共同主持。朱超然強調，紐約僑社將堅定支持中華民國，確保自由與民主價值在台灣與亞洲閃耀。李志強感謝僑界的支持，並表示在國外能與大家一起唱中華民國國歌和升旗是非常感動的事。活動包括在哥倫布公園向國父孫中山銅像獻花及舉行慶祝大會，吸引大批路人圍觀。朱超然表示，紐約僑社自中華民國成立以來，始終擁護其代表的自由、民主與法治精神，每年舉辦隆重的雙十國慶活動，表達對中華民國的支持與忠誠。展望未來，紐約僑社將繼續堅定不移地支持中華民國。
